用户名,邮箱
1111111,111111@111.111
admin,admin@163.com
1,2@2.com
aaa,yang@qq.com.cn
11,1234@163.com
liruijiao1,za@164.com
adminaaa,aa@164.com
yooo,12@164.com
admim,4444434@cmm
yuan,1234@qq.com
six,za@164.com
ssadadasd,123@qq.com
lt,12@163.com
nishichu,yiersansi@qq.com
adadmin,12345678@qq.com
tianlaoshi,za@164.com
gaoxin,2576668601@qq.com
qwert,qwert@qq.com
asdhsgh,1234567@qq.com
gaoxing,2576668601@qq.com
asdhsghj,1234567@qq.com
plm,09876542@qq.com
lemon,123@qq.com
zaq,8765896@qq.com
xsw,765435768@qq.com
cde,8765432@qq.com
qwe,765435768@qq.com
七七,123@qq.com
admin111,za@164.com
adminqqq,qq163.@com
haha,df@123
zhangaa,qq163.@com
zhangzzz,zz@163.com
abcdef,qq163.@com
abcdefgh,qq163.@com
abc1234567,qwert@qq.com
abcdefghi,qq163.@com
admin123,qq@163.com
mine,765435768@qq.com
mines,765435768@qq.com
qaz123,qq163.@com
www,123456@qq.com
mmm,1w3456@qq.com
111111,111@163.com
111112,222@163.com
1823532928,912609178@qq.com
zhanghaiti,zhanghaiti@163.com
liuliang,liuliang@163.com
safsdfdf,safsdfdf@163.com
yz001,yz001@163.com
fdf123,saf23@163.com
wwq1,qqq@163.com
df123,df23@163.com
dsdsdsa,ddddd@13.com
a123,qqq@163.com
xiaojinzi,123@qq.com
asds,123123@163.com
asds12,123123@163.com
caijianfen,603321719@qq.com
xiatiao,xiatiao2008@gmail.com
admin12345,1111111@111.com
yz002,yz002@163.com
ssss,qweqwe@163.com
aq1222,aa@163.com
201892,dd@qq.com
wwq001,wwq001@123.com
wwq001000,wwq001@123.com
lemon_hzw,lemom@qq.com
cc,cc@qq.com
lv2018001,dd@qq.com
20180902,20180902@qq.com
2732,qqq@qq.com
2017,222@qq.com
323,3@qq.com
wuyawei,wu@163.com
09021,2018090ee2@qq.com
haha22,cc@qq.com
cdy0,12345@qq.com
sly201809,sly@qq.com
mfd201809,sly1@qq.com
mfd201792,dd@qq.com
lfg001,lfg001@qq.com
1213,123@123
cai,123@123
123,11@qq.com
201897,dd@qq.com
2020,55@qq.com
aaaaa,123@qq.com
20180904,12345
mfd201894,mm@qq.com
mfd201794,mm@qq.com
sdds,adds@163.com
mfd201895,aa@qq.com
19430904,1943@163.com
mfd201877,nn@qq.com
20180905,1256@qq.com
test666,test666@qq.com
test6666,test6666@qq.com
test66666,test6666@qq.com
tony100,tony@qq.com
tony101,tony@126.com
huyang,1751151317@qq.com
20180912 ,12456@qq.com
aaaaaa,aaaaaa@host.com
hr002,hr002@163.com
hr001,hr001@163.com
sfasfasdf,sss@163.com
dd,dd@qq.com
dd01,dd01@qq.com
ljf123456,ljf123456@126.com
zx,zx@huicewang.com
rabbitrun,rr@1.com
hahazx,hahazx@zx.com
hahazx01,hahazx@zx.com
huice2018,zhangxin@huicewang.com
hahazx02,hahazx@zx.com
liuzihao,liuzihao_0@qq.com
jojo09,163.com
杨彦龙,yangyanlong0220@163.com
huice16,zhang@qq.com
yina,945783928@qq.com
tiantian,tiantian0311@163.com
zhaosir,1040175281@qq.com
dsfgj,12345678@qq.com
刘睛睛16,2524874693@qq.com
会策23,zhang@qq.com
tuibian,18222562547@163.com
jojo099,123@qq.com
jo jo,ewrq c
test2108,test2018@qq.com
mnbvc,765465768@qq.com
jojo12,123@qq.com
43543,654321@163.com
zhangxun,2712301126@qq.com
dsfasfd,zhangxin@huicewang.com
test2018,test2018@qq.com
wanglo,wang@qq.com
jojo23,163.com
all16,all16@163.com
all35,all35@163.com
all16.1,all16.1@163.com
435434,6543321%40163.com
wanglp,wanlp@qq.com
jojo24,jojo24@163.com
yina1314,yina@qq.com
jojo25,jojo25@163.com
jojo27,jojo27@163.com
all1dsfa,all16@163.com
jojo28,jojo27@163com
all1dsfa1,all16@163.com
刘睛睛2018,12345@qq.com
liu123,2524@qq.com
1234,123@123.com
12345,1234@qq.com
123456,123456@163.com
1314520,1314520@qq.com
123654,yina@qq.com
1234qwe,123@123.com
zxm0576,tiantian0311@163.com
tianlan,tiantian0311@163.com
zmh,tiantian0311@163.com
zxm,tiantian0311@163.com
lixiaolong,lixiaolong@163.com
chenglong,chenglong@163.com
yangmofan,yang@163.com
all16.2,all16.2@163.com
abcdeffg,aaa@123.com
sdffg,65453321%40163.com
test2019,test2019@qq.com
hf,7654345768@qq.com
dd1,123@qq.com
dd2,123@qq.com
tianhaha,huice@163.com
hahazx03,hahazx@zx.com
hahazx04,hahazx@zx.com
huice0920,abc@123.com
dsds,dd@qq.com
0987,7878@qq.com
sytes,sytest1@126.com
20180925,jamie@qq.com
ddd1,ddd@qq.com
aaaa,aaaa@aaaa.com
aaaa1,aaaa@aaaa.com
aaaa2,aaaa@aaaa.com
aaaa3,aaaa@aaaa.com
aaaa4,aaaa@aaaa.com
fool01,fool01@qq.com
fool02,fool02@qq.com
aa,qq@11.com
aaaaa1,aaaaa1@11.com
2018,7387878@qq.com
huice,jiangshan879@163.com
jiangshan,jiangshan879@163.com
ququ,ququ@qq.com
20181023,20181023@qq.com
33331111,33331111@qq.com
201816,yy123@qq.com
201817,123@yy.com
qwqeqe,3213@qq.com
jhhjhjjk,3213@qq.com
